Gene,ID,Organism,Biological Function,Phenotype,Reference,Tags
AAO3,AT2G27150,Arabidopsis thaliana,"Arabidopsis aldehyde oxidase, catalyzes final step in ABA biosynthesis",mutant: wilty phenotype,"Seo et al., 2000",Ion and Osmotic Homeostasis;Stomatal Movement;Regulatory Proteins;Hormone Signaling;ABA Biosynthesis
ABCG22,AT5G06530,Arabidopsis thaliana,ABC-transporter,knockout: more susceptible to drought stress,"Kuromori et al., 2011",Functional Proteins;Channels and Transporters;Transporters;Others
ABCG25,AT1G71960,Arabidopsis thaliana,"ABC-transporter, ABA export from cells",overexpressor: higher leaf temperature,"Kuromori et al., 2010",Ion and Osmotic Homeostasis;Stomatal Movement;Functional Proteins;Channels and Transporters;Transporters;ABA Exporter
ABCG40,AT1G15520,Arabidopsis thaliana,"ABC-transporter, ABA import","knockout: upregulation of ABA responsive genes is delayed, stomata close more slowly","Kang et al., 2010",Ion and Osmotic Homeostasis;Stomatal Movement;Functional Proteins;Channels and Transporters;Transporters;ABA Importer
ABF3,AT4G34000,Arabidopsis thaliana,ABA responsive element (ABRE) binding bZIP factor,overexpression: enhanced drought tolerance,"Kang et al., 2002",Regulatory Proteins;Gene Expression;Transcription Factors;bZIP
ABF4,AT3G19290,Arabidopsis thaliana,ABA responsive element (ABRE) binding bZIP factor,overexpression: enhanced drought tolerance,"Kang et al., 2002",Regulatory Proteins;Gene Expression;Transcription Factors;bZIP
ABH1/CBP80,AT2G13540,Arabidopsis thaliana,subunit of mRNA cap-binding complex,mutant: stomatal aperture decreased,"Hugouvieux et al., 2001",Ion and Osmotic Homeostasis;Stomatal Movement
ABI1,AT4G26080,Arabidopsis thaliana,PP2C,ABA insensitive mutant: wilting and witherung under water stress condition,"Meyer et al., 1994",Ion and Osmotic Homeostasis;Stomatal Movement;Regulatory Proteins;Signal Transduction;Protein Phosphatases
ABI2,AT5G57050,Arabidopsis thaliana,PP2C,ABA insensitive,"Rodriguez et al., 1998",Ion and Osmotic Homeostasis;Stomatal Movement;Regulatory Proteins;Signal Transduction;Protein Phosphatases
ABO1/ELO1,AT5G13680,Arabidopsis thaliana,"subunit of Elongator, a multifunctional complex with roles in transcription elongation, secretion and tRNA modification","abo1 = ABA overly sensitive, drought resistant phenotype, ABA-induced stomatal closing is enhanced","Chen et al., 2006",Ion and Osmotic Homeostasis;Stomatal Movement
ABP9,,Zea mays,"bZIP TF, ABRE binding","expression in Ath: enhanced tolerance to drought, hig salt, freezing","Zhang et al., 2011",Regulatory Proteins;Gene Expression;Transcription Factors;bZIP
ADAP,AT1G16060,Arabidopsis thaliana,"ARIA-interacting, AP2 domain",pos. Regulator of ABA; ko seedlings: more sensitive to drought,"Lee et al., 2009",Regulatory Proteins;Gene Expression;Transcription Factors;AP2-Domain
adc,Solyc10g054440,Datura stramonium,arginine decarboxylase; polyamine biosynthesis,transgenic rice: drought stress tolerant,"Capell et al.,2004",Detoxification;Osmolyte Production;Functional Proteins;Enzymes for Osmolyte Biosynthesis
ADR1,AT1G33560,Arabidopsis thaliana,coiled-coil-nucleotide-binding site-LRR protein,overexpressor: enhanced drought tolerance,"Chini et al., 2004",
AGO1,AT1G48410,Arabidopsis thaliana,Argonaute1,loss-of-function: enhanced drought tolerance,"Li et al., 2012",Regulatory Proteins;Gene Expression;miRNA
AHK1,AT2G17820,Arabidopsis thaliana,histidine kinase,overexpression: drought tolerance,"Phan Tran et al., 2007",Regulatory Proteins;Signal Transduction;Protein Kinases
AIRP1,AT4G23450,Arabidopsis thaliana,C3H2C3-type RING E3 ubiquitin ligase,overexpressor: tolerant to severe drought stress,"Ryu et al., 2010",Regulatory Proteins;Post-translational Modification;Ubiquitin Ligases
ALDH22A1,GRMZM2G135341,Zea mays,aldehyde dehydrogenase,expression in tobacco: enhanced stress tolerance,"Huang et al., 2008",
ALDH3I1,AT4G34240,Arabidopsis thaliana,aldehyde dehydrogenase,overexpression: improved tolerance to dehydration,"Sunkar et al., 2003",
ALR,Solyc00g015750,Medicago sativa,aldose/aldehyde reductase,overexpression in tobacco: more tolerant to drought and UV-B,"Oberschall et al., 2000",
AlSAP,LOC_Os07g07350,Aeluropus littoralis,A20/AN1 zinc-finger protein,"expression in tobacco: drough, salt, freezing, heat tolerance","Ben Saad et al., 2009",Regulatory Proteins;Gene Expression;Transcription Factors;Zinc Fingers
AnnAt1,AT1G35720,Arabidopsis thaliana,Annexin1,upregulated upon abiotic stress; overexpression: more tolerant to drought,"Konopka-Postupolska et al., 2009",Growth Control
AnnAt4,AT2G38750,Arabidopsis thaliana,Annexin4,double mutant annAt1 annAt4: tolerance to drought,"Huh et al., 2010",
AP37,LOC_Os01g58420,Oryza sativa,AP2 domain TF,overexpression: enhanced drought tolerance,"Oh et al., 2009",Regulatory Proteins;Gene Expression;Transcription Factors;AP2-Domain
APX,Solyc01g111510,Populus tomentosa,ascorbate peroxidase,"expression in tobacco: increased root growth, improved drought and salt stress resistance","Li et al., 2009",Growth Control;Root/Leaf Development
APX2,AT1G07890,Arabidopsis thaliana,"Ascorbate peroxidase 2, H2O2 scavenger",overexpressor (=alx8 = gain-of function): drought tolerant,"Rossel et al., 2005",Detoxification;Removal of ROS;Functional Proteins;Detoxification Signaling
AREB1,AT1G45249,Arabidopsis thaliana,"bZIP TF, ABRE binding",needs ABA-dependent phosphorylation for activation; phosphomimicking variant overexpressed: expression of ABA-inducible genes w/o ABA treatment,"Furihata et al., 2006",Regulatory Proteins;Gene Expression;Transcription Factors;bZIP
ASR1,GRMZM2G136910,Zea mays,putative TF,genetically linked to drought tolerance QTL,"Jeanneau et al., 2002",Regulatory Proteins;Gene Expression;Transcription Factors;Others
AtATL78,AT1G49230,Arabidopsis thaliana,RING E3 ubiquitin ligase,AtATL78 is a negative regulator of cold stress response and a positive regulator of drought stress response in Arabidopsis.,"Kim et al., 2013",Post-translational Modification;Ubiquitin Ligases
AtBG1,AT1G52400,Arabidopsis thaliana,"beta-glucosidase; hydrolyzes glucose-conjugated, inactive ABA to active ABA",overexpression: drought tolerance,"Lee et al., 2006",Ion and Osmotic Homeostasis;Stomatal Movement;Regulatory Proteins;Hormone Signaling;ABA Signaling
ATHB6,AT2G22430,Arabidopsis thaliana,"homeodomain protein, target of ABI1",overexpression: ABA insensitivity; water loss in leaves from overexpressing lines increased,"Himmelbach et al., 2002",Ion and Osmotic Homeostasis;Stomatal Movement;Regulatory Proteins;Gene Expression;Transcription Factors;Others
AtNF-YB1,AT2G38880,Arabidopsis thaliana,"plant transcription factor, nuclear factor Y family protein",increased expression level: improved performance under drought conditions,"Nelson et al., 2007",Regulatory Proteins;Gene Expression;Transcription Factors;NF-Y
AtrbohD,AT5G47910,Arabidopsis thaliana,NADPH oxidase catalytical subunit,atrbohD/F double mutant: ABA induced stomatal closing is impaired,"Kwak  et al., 2003",Ion and Osmotic Homeostasis;Stomatal Movement
AtrbohF,AT1G64060,Arabidopsis thaliana,NADPH oxidase catalytical subunit,atrbohD/F double mutant: ABA induced stomatal closing is impaired,"Kwak  et al., 2003",Ion and Osmotic Homeostasis;Stomatal Movement
AVP1,AT1G15690,Arabidopsis thaliana,vacuolar membrane H+-Pyrophosphatase,overexpressor: more tolerant to drought and salt stress,"Gaxiola et al., 2001",Regulatory Proteins;Acid Anhydride Hydrolases
BnPIP1,AT3G53420,Brassica napus,PIP,overexpression in tobacco: increased tolerance to water stress; antisense: decreased tolerance,"Yu et al., 2005",Ion and Osmotic Homeostasis;Functional Proteins;Channels and Transporters;Water Channels
BnPtdIns-PLC2,AT3G08510,Brassica napus,phosphatidylinositol-specific phospholipase C2,overexpression: enhanced drought tolerance,"Georges et al., 2009",Functional Proteins;Phospholipid Metabolism
CaBI-1,Solyc08g077980,Capsicum annuum,anti PCD factor,"expression in tobacco: improved tolerance to high temperature, water deficit and high salinity","Isbat et al., 2009",
CAP2,Solyc05g052410,Cicer arietinum,AP2 domain TF,expression in tobacco: more tolerant to salt and dehydration,"Shukla et al., 2006",Regulatory Proteins;Gene Expression;Transcription Factors;AP2-Domain
CAU1,AT4G31120,Arabidopsis thaliana,H4R3sme2 (for histone H4 Arg 3 with symmetric dimethylation)-type histone methylase protein arginine methytransferase5/Shk1 binding protein1,cau1 mutant plants display increased drought tolerance and stomatal closure,"Fu et al., 2013",Regulatory Proteins;Gene Expression;Histone Modification
CBF4,AT5G51990,Arabidopsis thaliana,DREB family TF,"up-regulated by drought stress, overexpressors are more tolerant to freezing and drought stress","Haake et al., 2002",Regulatory Proteins;Gene Expression;Transcription Factors;DREB
CBF4,MLOC_54227,Hordeum vulgare,CBF/DREB TF,overexpression in rice: enhanced drought tolerance,"Oh et al., 2007",Regulatory Proteins;Gene Expression;Transcription Factors;DREB
CBL1,AT4G17645,Arabidopsis thaliana,calcineurin B-like protein,overexpression: enhanced tolerance to salt and drought,"Cheong et al., 2003",
CBP20,AT5G44200,Arabidopsis thaliana,Cap Binding Protein 20 (mRNA cap),loss-of-function: hypersensitivity to ABA; enhanced drought tolerance,"Kim et al., 2008",Ion and Osmotic Homeostasis;Stomatal Movement;Regulatory Proteins;Gene Expression;miRNA
CDPK7,LOC_Os03g03660,Oryza sativa,calcium-dependent protein kinase,overexpression: enhanced induction of stress-responsive genes; extent of tolerance correlates with level of OsCDPK7,"Saijo et al., 2001",Regulatory Proteins;Signal Transduction;Protein Kinases
CIPK03,LOC_Os07g48760,Oryza sativa,calcineurin B-like protein-interacting protein kinase,"overexpression: improved tolerance to drought, cold and salt stress","Xiang et al., 2007",Regulatory Proteins;Signal Transduction;Protein Kinases
CIPK12,LOC_Os01g55450,Oryza sativa,calcineurin B-like protein-interacting protein kinase,"overexpression: improved tolerance to drought, cold and salt stress","Xiang et al., 2007",Regulatory Proteins;Signal Transduction;Protein Kinases
CIPK15,LOC_Os11g02240,Oryza sativa,calcineurin B-like protein-interacting protein kinase,"overexpression: improved tolerance to drought, cold and salt stress","Xiang et al., 2007",Regulatory Proteins;Signal Transduction;Protein Kinases
CLCc,AT5G49890,Arabidopsis thaliana,chloride channel,"expressed guard cells, root an pollen; tonoplast; mutant: ABA dependent stomata closure impaired","Jossier et al., 2010",Ion and Osmotic Homeostasis;Functional Proteins;Channels and Transporters;Ion Channels;Anion Channel
CML9,AT3G51920,Arabidopsis thaliana,calmodulin-like protein,knockout: enhanced drought and salt tolerance,"Magnan et al., 2008",Regulatory Proteins;Signal Transduction;Others
CMO,AT4G29890,Atriplex hortensis,Choline monooxygenase; glycine betaine biosynthesis,expression in tobacco: improved drought tolerance,"Shen et al., 2002",Detoxification;Osmolyte Production;Functional Proteins;Enzymes for Osmolyte Biosynthesis
COIN,LOC_Os01g01420,Oryza sativa,RING-finger protein,"overexpression: enhanced tolerance to cold, salt and drought","Liu et al., 2007",
CPK21,AT4G04720,Arabidopsis thaliana,calcium-dependent protein kinase,activated by hyperosmotic stress; cpk21 is more tolerant to hyperosmotic stress,"Franz et al., 2011",Regulatory Proteins;Signal Transduction;Protein Kinases
CPK23,AT4G04740,Arabidopsis thaliana,calcium-dependent protein kinase,mutant: enhanced tolerance to drought and salt stress,"Ma et al., 2007",Regulatory Proteins;Signal Transduction;Protein Kinases
CpMYB10,Solyc05g053330,Craterostigma plantagineum,MYB TF,overexpession in Ath: desiccation and salt tolerance,"Villalobos et al.,2004",Regulatory Proteins;Gene Expression;Transcription Factors;MYB
CrNCED1,Solyc07g056570,Citrus reshni,ABA biosynthesis,"transgenic lines displayed enhanced tolerance to dehydration, drought, salt and oxidative stresses","Xian et al., 2013",Ion and Osmotic Homeostasis;Stomatal Movement;Regulatory Proteins;Hormone Signaling;ABA Biosynthesis
CRT,AEGTA28957,Triticum aestivum,"Calreticulin, Ca2+ binding protein",overexpressing tobacco: enhanced drought resistance,"Jia et al., 2008",Regulatory Proteins;Signal Transduction;Others
CYP707A1,AT4G19230,Arabidopsis thaliana,ABA catabolism; 8'-hydroxylation of ABA,"transcript increases in response to salt, osmotic, dehydration stress and ABA; stomatal closure of the cyp707a1 mutant was ABA hypersensitive when epidermal peel was treated with exogenous ABA","Okamoto et al., 2009",Ion and Osmotic Homeostasis;Stomatal Movement;Regulatory Proteins;Hormone Signaling;ABA Degradation
CYP707A3,AT5G45340,Arabidopsis thaliana,ABA catabolism; 8'-hydroxylation of ABA,cyp707a3 mutant exhibited high ABA levels even after transferring to high-humidity conditions,"Okamoto et al., 2009",Ion and Osmotic Homeostasis;Stomatal Movement;Regulatory Proteins;Hormone Signaling
DgZFP3,Solyc04g077980,Chrysanthemum x morifolium,Cys2/His2-type zinc finger protein gene,"The transgenic lines exhibited less accumulation of H2O2 under drought stress, more accumulation of proline and greater activities of peroxidase (POD) and superoxide dismutase than the WT under both control conditions and drought stress","Liu et al., 2013",Regulatory Proteins;Gene Expression;Transcription Factors;Zinc Fingers
DHAR2,AT1G75270,Arabidopsis thaliana,dehydroascorbate reductase,"expression in tobacco: enhanced tolerance to ozone, drought, salt and PEG","Eltayeb et al., 2006",
DOR,AT2G31470,Arabidopsis thaliana,"drought tolerance repressor, F-box protein","preferentially expressed guard cells, suppressed by ABA treatment, ko: hypersensitive to ABA, drought tolerance","Zhang et al., 2008",Ion and Osmotic Homeostasis;Stomatal Movement
DREB1A/CBF3,AT4G25480,Arabidopsis thaliana,DREB family TF,overexpression in tobacco: improved drought stress tolerance,"Kasuga et al., 2004",Regulatory Proteins;Gene Expression;Transcription Factors;DREB
DREB2A,AT5G05410,Arabidopsis thaliana,transcription factor (dehydration responsive element binding),expression induced by dehydration,"Liu et al, 1998",Regulatory Proteins;Gene Expression;Transcription Factors;DREB
DREB2A,GRMZM2G006745,Zea mays,homolog to arabidopsis DREB2A,"functional transcript induced by stress, overexpression leads to increased stress tolerance","Qin et al., 2007",Regulatory Proteins;Gene Expression;Transcription Factors;DREB
DSM2,LOC_Os03g03370,Oryza sativa,"put. beta-carotene hydroxylase, ABA biosynthesis",mutant: decreased drought resistance,"Du et al., 2010",Ion and Osmotic Homeostasis;Stomatal Movement;Regulatory Proteins;Hormone Signaling;ABA Biosynthesis
EDT1/HDG11,AT1G73360,Arabidopsis thaliana,"enhanced drought tolerance1, HD START TF","T-DNA activation tagged mutant: enhanced drought tolerance, more extensive root system, deeper roots more lateral roots","Yu et al., 2008",Growth Control;Root/Leaf Development;Regulatory Proteins;Gene Expression;Transcription Factors;Others
ERA1,AT5G40280,Arabidopsis thaliana,farnesyltransferase,mutant: reduction in transpirational water loss during drought,"Pei et al., 1998",
ERD1,AT5G51070,Arabidopsis thaliana,chloroplast-targeted Clp protease reg SU,induction of ERD1 requires over-expression of both ZFHD1 and NAC; significantly improved drought tolerance,"Tran et al., 2007",Detoxification;Functional Proteins;Proteases
EVP1,,Eucalyptus globulus,vacuolar pyrophosphatase,EVP1 overexpression conferred plant tolerance to salt and drought treatments; overexpression of EVP1 causes an increase in the number of root hairs.,"Gamboa et al., 2013",Growth Control;Root/Leaf Development;Regulatory Proteins;Acid Anhydride Hydrolases
FAD3,AT2G29980,Brassica napus,fatty acid desaturase,overexpression in tobacco: increased drought tolerance,"Zhang et al., 2005",Functional Proteins;Phospholipid Metabolism
FAD8,AT4G30950,Arabidopsis thaliana,fatty acid desaturase,overexpression in tobacco: increased drought tolerance,"Zhang et al., 2005",Functional Proteins;Phospholipid Metabolism
FAR1,AT4G15090,Arabidopsis thaliana,"FAR-RED IMPAIRED RESPONSE1, key positive transcription factors in the phytochrome A pathway","fhy3 and far1 mutants have wider stomata, lose water faster, and are more sensitive to drought than the wild type.","Tang et al., 2013",Regulatory Proteins;Gene Expression;Transcription Factors;Others
FHY3,AT3G22170,Arabidopsis thaliana,"FAR-RED ELONGATED HYPOCOTYL3, key positive transcription factors in the phytochrome A pathway","fhy3 and far1 mutants have wider stomata, lose water faster, and are more sensitive to drought than the wild type.","Tang et al., 2013",Regulatory Proteins;Gene Expression;Transcription Factors;Others
FSPD1,LOC_Os07g22600,Cucurbita ficifolia,spermidin synthase,expression in AT: enhanced tolerance to multiple environmentalstresses,"Kasukabe et al., 2004",Detoxification;Osmolyte Production;Functional Proteins;Enzymes for Osmolyte Biosynthesis
GbRLK,LOC_Os04g56130,Gossypium barbadense,Receptor-like kinase,"constitutive overexpression of GbRLK exhibited a reduced rate of water loss in leaves in vitro, along with improved salinity and drought tolerance and increased sensitivity to ABA","Zhao et al., 2013",Regulatory Proteins;Signal Transduction;Protein Kinases
GCR1,AT1G48270,Arabidopsis thaliana,putative G protein-coupled receptor,mutant: hypersensitivity to ABA and drought tolerant,"Pandey and Assmann, 2004",Ion and Osmotic Homeostasis;Stomatal Movement
GF14lambda,AT5G10450,Arabidopsis thaliana,14-3-3 protein,expression cotton: stay green phenotype and enhanced drought tolerance,"Yan et al., 2004",
GhMKK1,Solyc12g009020,Gossypium hirsutum,Mitogen-activated protein kinase kinases,overexpression of GhMKK1 in Nicotiana benthamiana enhanced its tolerance to salt and drought stresses,"Lu et al., 2013",Regulatory Proteins;Signal Transduction;Protein Kinases
GhMT3a,,Gossypium hirsutum,"metallothionein, ROS scavenger",expression in tobacco: increased tolerance to abiotic stress,"Xue et al., 2009",Detoxification;Removal of ROS;Functional Proteins;Detoxification Signaling
GL1-2,LOC_Os02g08230,Oryza sativa,wax biosynthesis,knockout: more sensitive to drought,"Islam et al., 2009",
GmERF3,Solyc06g063070,Glycine max,AP2/ERF-like transcription factor,expression in tobacco: tolerance to high salinity and drought,"Zhang et al., 2009",Regulatory Proteins;Gene Expression;Transcription Factors;AP2-Domain
GmTP55,Sb02g025790,Glycine max,stress-induced plant antiquitin-like protein,overexpression in tobacco and AT: tolerance to water deficit,"Rodrigues et al., 2006",
GolS1,AT2G47180,Arabidopsis thaliana,"Galactinol Synthase, catalyzes the first step in the biosynthesis of Raffinose Family Oligosaccharides (RFOs) from UDP-galactose",expression induced by drought and high-salinity stress,"Taji et al., 2002",Detoxification;Osmolyte Production;Functional Proteins;Enzymes for Osmolyte Biosynthesis
GolS2,AT1G56600,Arabidopsis thaliana,"Galactinol Synthase, catalyzes the first step in the biosynthesis of Raffinose Family Oligosaccharides (RFOs) from UDP-galactose","Overexpression of AtGolS2 in transgenic Arabidopsis caused an increase in endogenous galactinol and raffinose, and showed reduced transpiration from leaves to improve drought tolerance","Taji et al., 2002",Detoxification;Osmolyte Production;Functional Proteins;Enzymes for Osmolyte Biosynthesis
GORK,AT5G37500,Arabidopsis thaliana,outward K+ channel,disruption of GORK: stomatal closure is impaired; expression induced upon drought and ABA,"Hosy et al., 2003",Ion and Osmotic Homeostasis;Functional Proteins;Channels and Transporters;Ion Channels;Cation Channel
GPA1,AT2G26300,Arabidopsis thaliana,alpha subunit of heterotrimeric GTP-binding protein,null mutant: ABA hypersensitivity; gpa1 stomata are hyposensitive to ABA in ABA inhibition of stomatal opening,"Pandey et al., 2009",Ion and Osmotic Homeostasis;Stomatal Movement
GPX3,AT2G43350,Arabidopsis thaliana,glutathione peroxidase3,mutant: higher water loss under drought; overexpressor: less sensitive to drought,"Miao et al., 2006",Detoxification;Removal of ROS;Functional Proteins;Detoxification Signaling
GSTU17,AT1G10370,Arabidopsis thaliana,glutathion s-transferase U17,knockout: higher GSH and ABA; plants are more tolerant to drought,"Chen et al., 2012",Detoxification;Removal of ROS;Functional Proteins;Detoxification Signaling
GsZFP1,Glyma10g44160,Glycine soja,Cys2/His2-type zinc-finger protein,Overexpression of GsZFP1 also enhanced the drought tolerance of alfalfa,"Tang et al., 2013",Regulatory Proteins;Gene Expression;Transcription Factors;Zinc Fingers
GTG1,AT1G64990,Arabidopsis thaliana,"PM-ABA receptor, GPCR-type G protein", ABA induction of stomatal closure the gtg1 gtg2 mutant plants is ABA hyposensitive,"Pandey et al., 2009",Ion and Osmotic Homeostasis;Stomatal Movement;Regulatory Proteins;Hormone Signaling;ABA Signaling
GTG2,AT4G27630,Arabidopsis thaliana,"PM-ABA receptor, GPCR-type G protein", ABA induction of stomatal closure the gtg1 gtg2 mutant plants is ABA hyposensitive,"Pandey et al., 2009",Ion and Osmotic Homeostasis;Stomatal Movement;Regulatory Proteins;Hormone Signaling;ABA Signaling
HAB1,AT1G72770,Arabidopsis thaliana,PP2C,mutant: ABA hypersensitive; hab1G246D mutant is unable to close their stomata to limit water loss in response to ABA synthesized during a drought stress,"Robert et al., 2006",Ion and Osmotic Homeostasis;Regulatory Proteins;Signal Transduction;Protein Phosphatases
HARDY,AT2G36450,Arabidopsis thaliana,AP2/ERF-like transcription factor,"AT gain-of-function: roots with enhanced strength, branching and cortical cells, drought resistance; overexpression in rice: drought tolerance","Karaba et al., 2007",Regulatory Proteins;Gene Expression;Transcription Factors;AP2-Domain
HD2C,AT5G03740,Arabidopsis thaliana,histone deacetylase,expression repressed by ABA; overexpressor: reduced transpiration & enhanced tolerance to drought,"Sridha et al., 2006",Regulatory Proteins;Gene Expression;Histone Modification
HDA19,AT4G38130,Arabidopsis thaliana,histone deacetylase,knockout: hypersensitive to salt and ABA,"Chen and Wu, 2010",Regulatory Proteins;Gene Expression;Histone Modification
HDA6,AT5G63110,Arabidopsis thaliana,histone deacetylase,knockout: hypersensitive to salt and ABA,"Chen and Wu, 2010",Regulatory Proteins;Gene Expression;Histone Modification
HSFA1b,AT5G16820,Arabidopsis thaliana,Heat shock transcription factor,increased HSFA1b expression showed increased water productivity and harvest index under water-replete and water-limiting conditions,"Bechtold et al., 2013",Regulatory Proteins;Gene Expression;Transcription Factors
HVA1,MLOC_77777,Hordeum vulgare,group 3 late embryogenesis abundant protein,transgenic wheat expressing HVA1 shows enhanced drought tolerance,"Bahieldin et al., 2005",Detoxification;Protection Factor;Functional Proteins;Protection Factors;LEA Proteins
HvPIP2;1,MLOC_13871,Hordeum vulgare,aquaporin,expression in rice: increased water loss & CO2 assimilation,"Hanba et al., 2004",Ion and Osmotic Homeostasis;Functional Proteins;Channels and Transporters;Water Channels
HYL1,AT1G09700,Arabidopsis thaliana,hyponastic leaves 1; RNA binding protein that affects ABA and drought sensitivity,hyl1: ABA sensitivity altered,"Lu and Fedoroff, 2000",Ion and Osmotic Homeostasis;Stomatal Movement
IMT1,Solyc03g080180,Mesembryanthemum crystallinum,D-myo-inositol methyltransferase,expression in tobacco: enhanced tolerance to drought and salinity,Sheveleva et al. 1997,Detoxification;Osmolyte Production;Functional Proteins;Enzymes for Osmolyte Biosynthesis
JERF1,Solyc06g063070,Solanum lycopersicum,ethylene response factor (ERF),overexpression in tobacco: improved drought stress tolerance,"Zhang et al., 2010",Regulatory Proteins;Gene Expression;Transcription Factors;ERF
KAT2,AT2G33150,Arabidopsis thaliana,3-ketoacyl-CoA thiloase-2,"kat2-3 mutant: ABA-insensitive phenotypes, KAT2-overexpressing transgenic lines: strong ABA-hypersensitive phenotypes (ABA-induced stomatal closure and  inhibition of stomatal opening","Jiang et al., 2011",Ion and Osmotic Homeostasis;Stomatal Movement;Functional Proteins;Phospholipid Metabolism
KAT2,AT4G18290,Arabidopsis thaliana,"K+ channel, inward rectifying",plants expressing a dominant negative (domneg) kat2 construct in the kat2-1 knockout background display decreased transpirational water loss during the light period when compared with WT plants,"Lebaudy et al., 2008",Ion and Osmotic Homeostasis;Functional Proteins;Channels and Transporters;Ion Channels;Cation Channel
LEW1,AT1G11755,Arabidopsis thaliana,"cis-prenyltransferase, involved in dolichol biosythesis",mutant increased drought tolerance but hypersensitive to dark stress,"Zhang et al., 2008",
LHCB6,AT1G15820,Arabidopsis thaliana,light harvesting chlorophyll a/b binding protein,"mutant: reduced resposiveness to ABA-dependent stomatal movement, decreased drought tolerance; overexpression: stomatal sensitivity to ABA is enhanced","Xu et al., 2011",Ion and Osmotic Homeostasis;Stomatal Movement
LLA23,,Lilium longiflorum,"ABA-, stress-, and ripening-induced protein",expression in Ath:reduced sensitivity to ABA; stomata stay open longer under drought (!) but plants are more tolerant to drought!,"Yang et al., 2005",Ion and Osmotic Homeostasis;Stomatal Movement
LOS5,AT1G16540,Arabidopsis thaliana,molybdenum-cofactor sulfurase,"knockout: drought susceptible, ABA deficient, increased water loss","Xiong et al., 2001",Ion and Osmotic Homeostasis;Stomatal Movement
MdoMYB121,Solyc01g005660,Malus domestica,MYB TF,"A transgenic analysis indicated that the overexpression of the MdoMYB121 gene remarkably enhanced the tolerance to high salinity, drought, and cold stresses in transgenic tomato and apple plants","Cao et al., 2013",Regulatory Proteins;Gene Expression;Transcription Factors;MYB
MH1,Solyc11g033280,Medicago sativa,helicase1,expression in Ath: improved growth under drought,"Luo et al., 2008",Regulatory Proteins;Gene Expression;Chromatin
MIR168A,AT4G19395,Arabidopsis thaliana,microRNA168,"overexpressor: ABA hypersensitive, enhanced drought tolerance","Li et al., 2012",Regulatory Proteins;Gene Expression;miRNA
miR393,,Oryza sativa,microRNA393,overexpressor: reduced tolerance to drought,"Xia et al., 2012",Regulatory Proteins;Gene Expression;miRNA
MRP4,AT2G47800,Arabidopsis thaliana,"multidrug resistance-associated protein, ABC transporter","knockout: increased stomatal aperture, increased water loss","Klein et al., 2004",Ion and Osmotic Homeostasis;Stomatal Movement;Functional Proteins;Channels and Transporters;Transporters;Others
MYB2,AT2G47190,Arabidopsis thaliana,transcriptional activator of ABA signaling,overexpressor: improved stress tolerance,"Abe et al., 2003",Regulatory Proteins;Gene Expression;Transcription Factors;MYB
MYB4,LOC_Os01g50110,Oryza sativa,MYB TF,overexpression in AT: accumulation of compatible solutes; drought tolerance,"Mattana et al., 2005",Detoxification;Osmolyte Production;Regulatory Proteins;Gene Expression;Transcription Factors;MYB
MYB44,AT5G67300,Arabidopsis thaliana,MYB type TF,"overexpression: more sensitive to ABA, more rapid ABA-induced stomatal closure","Jung et al., 2008",Regulatory Proteins;Gene Expression;Transcription Factors;MYB
MYB60,AT1G08810,Arabidopsis thaliana,R2R3-MYB,expression downregulated under dehydration; guard cell-specifically expressed; knockout: water loss under drought is limited; enhanced drought tolerance,"Cominelli et al., 2005",Regulatory Proteins;Gene Expression;Transcription Factors;MYB
MYB61,AT1G09540,Arabidopsis thaliana,R2R3-MYB,specifically expressed guard cells; overexpression: decreased stomatal aperture,"Liang et al., 2005",Regulatory Proteins;Gene Expression;Transcription Factors;MYB
MYC2,AT1G32640,Arabidopsis thaliana,transcriptional activator of ABA signaling,overexpressor: improved stress tolerance,"Abe et al., 2003",Regulatory Proteins;Gene Expression;Transcription Factors;MYC
NAC2a,AEGTA07634,Triticum aestivum,NAC TF,tobacco overexpressing TaNAC2a: higher dry and fresh weight under drought conditions,"Tang et al., 2011",Regulatory Proteins;Gene Expression;Transcription Factors;NAC
NADP-ME,GRMZM2G085019,Zea mays,NADP-malic enzyme,expression in tobacco: decreased stomatal conductance,"Laporte et al., 2002",Ion and Osmotic Homeostasis;Stomatal Movement
NCED,AT3G14440,Arabidopsis thaliana,ABA biosynthesis key enzyme,overexpressor: improved drought tolerance; antisense: drought-sensitive phenotype,"Iuchi et al., 2001",Ion and Osmotic Homeostasis;Stomatal Movement;Regulatory Proteins;Hormone Signaling;ABA Biosynthesis
NFYA5,AT1G54160,Arabidopsis thaliana,part of NF-Y,"transcription induced by drought, ABA-dependent; contains target site for miR169, which is downregulated during stress; nfya5 ko: more sensitive to drought","Li et al., 2008",Regulatory Proteins;Gene Expression;Transcription Factors;NF-Y
NHO1,AT1G80460,Arabidopsis thaliana,glycerol kinase,mutant: gli1 = glycerol-insensitive1: dehydration resistance,"Eastmond, 2004",
NPK1,Solyc01g079750,Nicotiana tabacum,MAPKKK from tobacco; stress tolerance in tobacco,expression of tobacco NPK1 in maize: enhanced drought tolerance,"Shou et al., 2004",Regulatory Proteins;Signal Transduction;Protein Kinases
NtAQP1,Solyc08g081190,Nicotiana tabacum,PIP1 plasma membrane aquaporin,reduced expression: lower water stress resistance,"Siefritz et al., 2002",Ion and Osmotic Homeostasis;Functional Proteins;Channels and Transporters;Water Channels
OCP3,AT5G11270,Arabidopsis thaliana,HD family transcriptional regulator,knockout: drought resistance and enhanced disease resistance,"Ramirez et al., 2009",Regulatory Proteins;Gene Expression;Transcription Factors;Others
OCPI1,LOC_Os01g42860,Oryza sativa,Oryza sativa chymotrypsin inhibitor-like 1,overexpression: higher grain yield under drought,"Huang et al., 2007",
OsbZIP23,LOC_Os02g52780,Oryza sativa,bZIP transcription factor,overexpressor: improved tolerance to drought andand high-salinity stress,"Xiang et al., 2008",Regulatory Proteins;Gene Expression;Transcription Factors;bZIP
OsbZIP71,LOC_Os09g13570,Oryza sativa,bZIP transcription factor,"OsbZIP71 overexpressing (p35S::OsbZIP71) rice significantly improved tolerance to drought, salt and PEG osmotic stresses","Liu et al., 2013",Regulatory Proteins;Gene Expression;Transcription Factors;bZIP
OsbZIP72,LOC_Os09g28310,Oryza sativa,bZIP transcription factor,"overexpressor: ABAhypersensitive, enhanced drought tolerance","Lu et al., 2009",Regulatory Proteins;Gene Expression;Transcription Factors;bZIP
OsDERF1,LOC_Os08g35240,Oryza sativa,drought responsive ethylene response factor (ERF),knockdown: enhanced tolerance to drought; overexpressor: reduced tolerance,"Wan et al., 2011",Regulatory Proteins;Gene Expression;Transcription Factors;ERF
OsDREB1A,LOC_Os09g35030,Oryza sativa,transcription factor (dehydration responsive element binding),"transgenic rice: improved drought, high-salt and cold stress tolerance","Ito et al., 2006",Regulatory Proteins;Gene Expression;Transcription Factors;DREB
OsDREB2A,LOC_Os01g07120,Oryza sativa,homolog to arabidopsis DREB2A,expression induced after dehydration; stress-inducible expression in rice variety: improved performance under severe drought,"Cui et al., 2011",Regulatory Proteins;Gene Expression;Transcription Factors;DREB
OsiSAP8,LOC_Os06g41010,Oryza sativa,"Stress associated protein gene family, zinc finger domain","overexpression in tobacco and rice: tolerance to cold, salt and drought","Kanneganti and Gupta, 2008",Regulatory Proteins;Gene Expression;Transcription Factors;Zinc Fingers
OSM1/SYP61,AT1G28490,Arabidopsis thaliana,"osmotic stess-sensitive; related to mammalian syntaxin, SNARE family protein",mutant: more prone to wilting; insensitive to ABA-induced stomata closing,"Zhu et al., 2002",Ion and Osmotic Homeostasis;Stomatal Movement
OsMSR2,LOC_Os01g72530,Oryza sativa,calmodulin-like gene,expression in Ath: tolerance to salt and drought,"Xu et al., 2011",Regulatory Proteins;Signal Transduction;Others
OsMYB3R-2,LOC_Os01g62410,Oryza sativa,MYB TF,"expression in Ath: increased tolerance to drought, cold and salt stress","Dai et al., 2007",Regulatory Proteins;Gene Expression;Transcription Factors;MYB
OsPIP1-1,LOC_Os02g44630,Oryza sativa,aquaporin,expression in arabidopsis: enhanced tolerance to salt and drought,"Guo et al., 2006",Ion and Osmotic Homeostasis;Functional Proteins;Channels and Transporters;Water Channels
OsPIP2-2,LOC_Os02g41860,Oryza sativa,aquaporin,expression in arabidopsis: enhanced tolerance to salt and drought,"Guo et al., 2006",Ion and Osmotic Homeostasis;Functional Proteins;Channels and Transporters;Water Channels
OsPUP7,LOC_Os05g48300,Oryza sativa,PUP(purine permease)-type cytokinin transporter gene,The mutant also showed increased sensitivity to drought and salt stresses and treatments with kinetin and abscisic acid,"Qi et al., 2013",Functional Proteins;Channels and Transporters;Transporters;Others
OST1/SRK2E,AT4G33950,Arabidopsis thaliana,"Kinase-like (open stomata 1), activated by ABA, activates SLAC1",ABA-induced stomatal closure is impaired in ost1,"Mustilli et al., 2002",Ion and Osmotic Homeostasis;Stomatal Movement;Regulatory Proteins;Signal Transduction;Protein Kinases
OST2,AT2G18960,Arabidopsis thaliana,plasma membrane proton ATPase,mutant: reduced ability to close stomata in response to drought; downregulated during drought,"Merlot et al., 2007",Ion and Osmotic Homeostasis;Stomatal Movement;Regulatory Proteins;Acid Anhydride Hydrolases
OsWRKY45,LOC_Os05g25770,Oryza sativa,WRKY type TF,expression in Ath:enhanced tolerance to drought and biotic stress,"Qiu et al., 2008",Regulatory Proteins;Gene Expression;Transcription Factors;WRKY
P5CS,Solyc08g043170,Vigna aconitifolia,Pyrroline-5-Carboxylate Synthase; glutamtate --> proline,overexpression in tobacco: increased Pro levels; better performance under drought,"Kishor et al., 1995",Detoxification;Osmolyte Production;Functional Proteins;Enzymes for Osmolyte Biosynthesis
P5CS1,AT2G39800,Arabidopsis thaliana,Pyrroline-5-Carboxylate Synthase; glutamtate --> proline,expression induced upon ABA; P5CS1 also plays a key role in drought-induced accumulation of proline,"Szekely et al., 2008",Detoxification;Osmolyte Production;Functional Proteins;Enzymes for Osmolyte Biosynthesis
PARP1,AT2G31320,Arabidopsis thaliana,poly(ADP-ribose) polymerase,downregulation: enhanced stress tolerance,"Block et al., 2005",
PARP2,AT4G02390,Arabidopsis thaliana,poly(ADP-ribose) polymerase,downregulation: enhanced stress tolerance,"Block et al., 2005",
PDH45,Sb04g038330,Pisum sativum,stress responsive helicase,overexpressor: Stress-induced root growth was also substantially higher; stay-green phenotype and increased chlorophyll stability under stress,"Manjulatha et al., 2013",Regulatory Proteins;Gene Expression;Chromatin
PEPCK,AT4G37870,Arabidopsis thaliana,PEP carboxykinase,isoform that is specifically expressed in GCs; knockout: reduced drought tolerance,"Penfield et al., 2012",Ion and Osmotic Homeostasis;Stomatal Movement
PFA-DSP1,LOC_Os09g05020,Oryza sativa,plant and fungi atypical dual-specifity phosphatase,"expression induced by drought, overexpression in rice/tobacco: increased sensitivity to drought","Liu et al., 2012",Regulatory Proteins;Signal Transduction;Protein Phosphatases
PIP1;4,AT4G00430,Arabidopsis thaliana,PIP,overexpression: rapid water loss under dehydration stress,"Jang et al., 2007",Ion and Osmotic Homeostasis;Functional Proteins;Channels and Transporters;Water Channels
PIP2;5,AT3G54820,Arabidopsis thaliana,PIP,overexpression: rapid water loss under dehydration stress,"Jang et al., 2007",Ion and Osmotic Homeostasis;Functional Proteins;Channels and Transporters;Water Channels
PLD,Solyc06g068090,Vigna unguiculata,"Phospholipase D, lipid degrading enzyme",differential gene expression in drought -sensitive and -tolerant cultivars,"Maarouf et al., 1999",Functional Proteins;Phospholipid Metabolism
PO2,Solyc11g018800,Capsicum annuum,extracellular peroxidase 2,"expression induced by drought, cold, high salinity; ko: increased susceptibility; overexpression in AT: enhanced tolerance to high salt, drought and oxidative stress","Choi et al., 2011",Detoxification;Removal of ROS;Functional Proteins;Detoxification Signaling
PP2Ac-1,AEGTA05384,Triticum aestivum,"PP2A, catalytical subunit",overexpression in tobacco: higher drought tolerance,"Xu et al., 2007",Regulatory Proteins;Signal Transduction;Protein Phosphatases
PP2C,GRMZM2G166035,Zea mays,PP2C,overexpression in Ath: decreased tolerance to salt and drought,"Liu et al., 2009",Stomatal Movement;Regulatory Proteins;Signal Transduction;Protein Phosphatases
PYL9/RCAR1,AT1G01360,Arabidopsis thaliana,soluble ABA receptor interacts with and regulates PP2Cs ABI1 and ABI2,"overexpressor: hypersensitive to ABA, regulation of stomatal aperture is impaired","Ma et al., 2009",Ion and Osmotic Homeostasis;Stomatal Movement;Regulatory Proteins;Hormone Signaling;ABA Signaling
RFP1,GRMZM2G492252,Zea mays,"RING-finger protein, ortholog to AT SDIR1 (salt and drought -induced RING finger1)","upregulated by drought and exogenous ABA, Overexpression of ZmRFP1 enhanced drought tolerance in tobacco. The transgenic tobacco lines had more closed stomatal pores, higher proline accumulation, but lower levels of malondialdehyde (MDA) when compared wit","Liu et al., 2013",Ion and Osmotic Homeostasis;Stomatal Movement;Regulatory Proteins;Post-translational Modification;Ubiquitin Ligases
RGS1,AT3G26090,Arabidopsis thaliana,regulator of G-protein signaling,overexpression: increased drought tolerance,"Chen et al., 2006",Growth Control;Root/Leaf Development;Regulatory Proteins;Signal Transduction;Others
RPK1,AT1G69270,Arabidopsis thaliana,LRR receptor like kinase,upregulated by ABA; knockout: ABA insensitive phenotype,"Osakabe et al., 2005",Regulatory Proteins;Signal Transduction;Protein Kinases
RWC3,LOC_Os02g57720,Oryza sativa,aquaporin,overexpression: higher root osmotic hydraulic conductivity,"Lian et al., 2004",Ion and Osmotic Homeostasis;Functional Proteins;Channels and Transporters;Water Channels
SAD1,AT5G48870,Arabidopsis thaliana,"supersensitive to ABA and drought 1; put RNA binding protein, RNA processing and / or degradation",sad1: ABA and drought oversensitivity; disturbed ABA biosynthesis,"Verslues et al., 2006",Ion and Osmotic Homeostasis;Stomatal Movement
SAMDC,Solyc05g010420,Datura stramonium,"S-adenosyl methionine decarboxylase, Polyamin synthesis",no drought tolerance but faster recovery in SAMDC expressing rice,"Peremarti et al., 2009",Detoxification;Osmolyte Production;Functional Proteins;Enzymes for Osmolyte Biosynthesis
SHINE1 (SHN1/WIN1),AT1G15360,Arabidopsis thaliana,"AP2/EREBP transcription factor, wax production",overexpressor; increased cuticular wax levels; drought tolerance and recovery,"Aharoni et al., 2004",Regulatory Proteins;Gene Expression;Transcription Factors;AP2-Domain
SIERF5 (ERF5),Solyc03g093560,Solanum lycopersicum,ethylene response factor (ERF) superfamily,"expression induced by salinity, drought; overexpression: higher tolerance to drought","Pan et al., 2011",Regulatory Proteins;Gene Expression;Transcription Factors;ERF
SINAGS1,Solyc03g043950,Solanum lycopersicum,single copy of N-acetyl-L-glutamate synthase,expression in Ath: accumulation of ornithine; higher tolerance to salt and drought,"Kalamaki et al., 2009",
SLAC1,AT1G12480,Arabidopsis thaliana,slow anion channel 1,"slac1: higher stomatal conductance than wild type, increased water loss","Vahisalu et al., 2008",Ion and Osmotic Homeostasis;Functional Proteins;Channels and Transporters;Ion Channels;Anion Channel
SLAH3,AT5G24030,Arabidopsis thaliana,guard cell S-type anion channel (SLAC1 homolog),S-type anion channels are direct targets of ABA signaling and lead to release of chloride and nitrate--> stomatal closure,"Geiger et al., 2011",Ion and Osmotic Homeostasis;Functional Proteins;Channels and Transporters;Ion Channels;Anion Channel
SlTIP2;2,Solyc05g055990,Solanum lycopersicum,TIP,"overexpression: increased transpiration, anisohydric, drought tolerant behavior","Sade et al., 2009",Ion and Osmotic Homeostasis;Functional Proteins;Channels and Transporters;Water Channels
SNAC1,LOC_Os03g60080,Oryza sativa,stress-responsive NAC1,overexpression in rice: drought tolerance is enhanced,"Hu et al., 2006",Regulatory Proteins;Gene Expression;Transcription Factors;NAC
SOD,,Medicago sativa,superoxide dismutase,overexpression: more tolerant to water deficit,"McKersie et al., 1996",Detoxification;Removal of ROS;Functional Proteins;Detoxification Signaling
SodERF3,Sb07g006195,Saccharum officinarum,AP2/ERF-like transcription factor,expression in tobacco: tolerance to drought,"Trujillo et al., 2008",Regulatory Proteins;Gene Expression;Transcription Factors;AP2-Domain
SQE1,AT1G58440,Arabidopsis thaliana,squalene epoxidase1,knockout: hypersensitive to drought; altered production of ROS,"Pose et al., 2009",Functional Proteins;Phospholipid Metabolism
Srg6,MLOC_62301,Triticum aestivum,"stress-responsive gene, TF",overexpression in Ath: water stress tolerance,"Tong et al., 2007",Regulatory Proteins;Gene Expression;Transcription Factors;Others
SRK2C,AT1G78290,Arabidopsis thaliana,"SNF1-related protein kinase 2, osmotic-stress-activated protein kinase",knockout: drought hypersensitivity in roots; overexpressor: higher drought tolerance,"Umezawa et al., 2004",Regulatory Proteins;Signal Transduction;Protein Kinases
STZ,AT1G27730,Arabidopsis thaliana,ZPT2-related protein,overexpressor: growth retardation and tolerance to drought stress,"Sakamoto et al., 2004",
TaBTF3,AEGTA00197,Triticum aestivum,"Basic transcription factor 3,  transcriptional initiation of RNA polymerase II","TaBTF3-silenced wheat plants showed lower survival rates, free proline content, and relative water content and higher relative electrical conductivity and water loss rate","Kang et al., 2013",Regulatory Proteins;Gene Expression;Transcription Factors;Others
TaLEA,,Tamarix androssowii,Late embryogenesis abundant,TaLEA gene may enhance salt and drought tolerance by protecting cell membranes from damage,"Gao et al., 2013",Detoxification;Protection Factor;Functional Proteins;Protection Factors;LEA Proteins
TAS14,Solyc02g084850,Solanum lycopersicum,"dehydrin, group2 LEA proteins",overexpressors: improved long-term drought tolerance,"Munoz-Mayor et al., 2012",Detoxification;Protection Factor;Functional Proteins;Protection Factors;LEA Proteins
TERF1,Solyc05g051200,Solanum lycopersicum,tomato ERF transcription activator,expression in tobacco: ABA hypersensitivity and drought tolerance,"Zhang et al., 2005",Regulatory Proteins;Gene Expression;Transcription Factors;ERF
ThbZIP1,Solyc01g079480,Tamarix hispida,bZIP TF,"Expression of ThbZIP1 is induced by ABA, salt, drought, methyl viologen and cold","Ji et al., 2013",Regulatory Proteins;Gene Expression;Transcription Factors;bZIP
ThIPK2,AT5G61760,Thellungiella halophila,inositol polyphosphate kinase,expression in Brassica: improved salt dehydration and oxidative stress resistance,"Zhu et al., 2009",
TPS1,AT1G78580,Arabidopsis thaliana,trehalose-6-phosphate synthase,expression in tobacco: increased drought tolerance,"Almeida et al., 2006",Detoxification;Osmolyte Production;Functional Proteins;Enzymes for Osmolyte Biosynthesis
UGE-1,LOC_Os05g51670,Oryza sativa,"UDP-glucose 4-spimerase, conversion of UDP-GLC to UDP-D-galactose and vv","overexpression in Ath: enhanced tolerance to drought, salt and cold","Liu et al., 2007",
VP,,Suaeda salsa,vacuolar membrane H+-Pyrophosphatase,overexpression in AT: increased salt and drought tolerance,"Guo et al., 2006",Regulatory Proteins;Acid Anhydride Hydrolases
WR1,LOC_Os02g10760,Oryza sativa,"wax synthesis regulatory gene 1, homology to AT SHN1/WIN1",transcription induced by drought; overexpressor: improved drought tolerance,"Wang et al., 2012",Regulatory Proteins;Gene Expression;Transcription Factors;AP2-Domain
WRKY19,Contig19733,Triticum aestivum,WRKY-type TF,overexpression in AT: enhanced drought tolerance,"Niu et al., 2012",Regulatory Proteins;Gene Expression;Transcription Factors;WRKY
WRKY2,AEGTA28497,Triticum aestivum,WRKY-type TF,overexpression in AT: enhanced drought tolerance,"Niu et al., 2012",Regulatory Proteins;Gene Expression;Transcription Factors;WRKY
WXP1,Solyc04g072900,Medicago truncatula,putative AP2 domain-containing TF; activates waxproduction in the acyl-reduction pathway,overexpression: increased cuticular wax loading on the leaf surface,"Zhang et al., 2005",Regulatory Proteins;Gene Expression;Transcription Factors;AP2-Domain
XERICO,AT2G04240,Arabidopsis thaliana,"small protein, N-term- TM domain and RING-H2 zinc-finger motif","gene expression induced by salt and osmotic stress, overexpressors: hypersensitive to salt and osmotic stress","Ko et al., 2006",
ZFP1,,Glycine soja,C2H2-type zinc-finger protein,overexpression in AT: greater tolerance to cold and drought,"Luo et al., 2012",Regulatory Proteins;Gene Expression;Transcription Factors;Zinc Fingers
ZFP1,,Chrysanthemum grandiflorum,Cys2/His2 FZP protein,heterologous expression in AT: improved tolerance to salinity and drought,"Gao et al., 2011",Regulatory Proteins;Gene Expression;Transcription Factors;Zinc Fingers
ZmACS6,GRMZM2G054361,Zea mays,"ACC synthase, first step in ethylene biosynthesis",loss-of-function: delayed drought-induced senescence (chlorophyll content),"Young et al., 2004",Ion and Osmotic Homeostasis;Regulatory Proteins;Hormone Signaling;Ethylene Biosynthesis
ZmCPK4,GRMZM2G321239,Zea mays,Calcium-dependent protein kinases,"overexpression of ZmCPK4 in the transgenic Arabidopsis enhanced ABA sensitivity in seed germination, seedling growth and stomatal movement. The transgenic plants also enhanced drought stress tolerance","Jiang et al., 2013",Ion and Osmotic Homeostasis;Stomatal Movement;Regulatory Proteins;Signal Transduction;Protein Kinases
ZmDREB2.7,GRMZM2G028386,Zea mays,DREB TF,"natural variation in the promoter of ZmDREB2.7 contributes to maize drought tolerance,  transgenic Arabidopsis overexpressing ZmDREB2.7 displayed enhanced tolerance to drought stress.","Liu et al., 2013",Regulatory Proteins;Gene Expression;Transcription Factors;DREB
ZmNF-YB2,GRMZM5G804893,Zea mays,"plant transcription factor, nuclear factor Y family protein",increased expression level: improved performance under drought conditions,"Nelson et al., 2007",Regulatory Proteins;Gene Expression;Transcription Factors;NF-Y
ZPT2-3/EPF2-7,Solyc04g077980,Petunia x hybrida,Cys2/His2- type zinc finger protein,overexpression: increased tolerance to dehydration,"Sugano et al., 2003",Regulatory Proteins;Gene Expression;Transcription Factors;Zinc Fingers